filename,tempo,total_beats,average_beats,chroma_stft_mean,chroma_stft_var,chroma_cq_mean,chroma_cq_var,chroma_cens_mean,chroma_cens_var,melspectrogram_mean,melspectrogram_var,mfcc_mean,mfcc_var,mfcc_delta_mean,mfcc_delta_var,rmse_mean,rmse_var,cent_mean,cent_var,spec_bw_mean,spec_bw_var,contrast_mean,contrast_var,rolloff_mean,rolloff_var,poly_mean,poly_var,tonnetz_mean,tonnetz_var,zcr_mean,zcr_var,harm_mean,harm_var,perc_mean,perc_var,frame_mean,frame_var,mfcc0_mean,mfcc0_var,mfcc1_mean,mfcc1_var,mfcc2_mean,mfcc2_var,mfcc3_mean,mfcc3_var,mfcc4_mean,mfcc4_var,mfcc5_mean,mfcc5_var,mfcc6_mean,mfcc6_var,mfcc7_mean,mfcc7_var,mfcc8_mean,mfcc8_var,mfcc9_mean,mfcc9_var,mfcc10_mean,mfcc10_var,mfcc11_mean,mfcc11_var,mfcc12_mean,mfcc12_var,mfcc13_mean,mfcc13_var,mfcc14_mean,mfcc14_var,mfcc15_mean,mfcc15_var,mfcc16_mean,mfcc16_var,mfcc17_mean,mfcc17_var,mfcc18_mean,mfcc18_var,mfcc19_mean,mfcc19_var
record.wav,112.34714673913044,51,25.5,0.47756723,0.111029916,0.5795474,0.09164572,0.26803663,0.011489699,0.021869333,0.13635471,-31.76033,21813.943,0.0059504625,35.27599,0.018716522,0.0014125566,1890.045561063776,2149718.0772156687,1719.0291861792916,1236778.8993696768,13.910287922395378,116.48107978033966,3640.096507352941,3640.096507352941,0.0952544115994835,0.0952544115994835,-0.011957423477394733,0.004303553127860938,0.13095511642156862,0.010858691779066626,7.862341e-09,3.045273e-05,-5.607394e-05,0.0016774561,1.6393287981859412,0.701369081730349,-654.87476,14548.311,48.07353,5514.1357,2.9833965,1713.3345,13.690141,1000.86456,4.6285973,347.59937,-6.7508626,462.24368,-4.0174403,341.35785,-3.7369804,170.39536,-4.593746,168.74632,-3.9544215,80.75978,-2.583243,55.39018,-0.5685716,30.693628,-1.6125761,50.357765,-3.6019459,60.670616,-1.8894731,76.82932,-4.068479,46.232224,-4.1349125,53.039837,-0.9423601,35.105392,-3.5297189,54.78126,-3.7228584,53.241753
